model,silhouette,ch,db,n_clusters,noise_pct
kmeans_12,0.06073770299553871,1549.9013355642635,4.034190343326734,12,0.0
gmm_18,0.011147952638566494,713.8732837618005,5.320029114404617,18,0.0
hdbscan,,,,0,1.0
agg_ward_12,0.06346138566732407,1461.6706197115693,3.7924601291978406,12,0.0
dbscan_eps14.90853_ms10,,,,1,0.0027210030035687
