event,count,prop
view,2664312,0.9666960681049062
addtocart,69332,0.02515582701795036
transaction,22457,0.008148104877143472
