stage,sessions_reached,prop_of_total
view,1755766,0.9966542919746149
addtocart,38726,0.02198267543112746
transaction,11143,0.00632528410703541
