quantile,duration_sec,events,events_per_min,item_diversity
0.5,0.0,1.0,999999999.9999999,1.0
0.9,213.0,2.0,999999999.9999999,2.0
0.95,624.0,4.0,999999999.9999999,3.0
0.99,1793.0,9.0,999999999.9999999,6.0
