from,view,addtocart,transaction
view,0.9419258912796042,0.05311471822230041,0.0049593904980953065
addtocart,0.529222800008031,0.2287027927801313,0.2420744072118377
transaction,0.5918318221936932,0.019898900746208776,0.38826927706009784
